Type of array,Number,Time of merge_sort,Time of quick_sort,Time of heap_sort,Time of shell_sort
0,10,1.21e-06,9.2e-07,1.19e-06,6.5e-07
0,100,1.135e-05,1.146e-05,1.431e-05,9.27e-06
0,500,7.307e-05,8.865e-05,8.291e-05,9.647e-05
0,1000,0.00012706,0.00014894,0.00021804,0.00015934
0,5000,0.00085792,0.00108452,0.00134518,0.00125594
0,10000,0.00182044,0.0024047,0.00240696,0.0025391
0,25000,0.0047822,0.0065726,0.00708643,0.0098265
0,50000,0.0094011,0.0133175,0.0160765,0.0382241
0,75000,0.0152166,0.0212429,0.0237409,0.0291935
0,100000,0.0197301,0.0290427,0.0312412,0.0469067
1,10,1.08e-06,9.1e-07,1.15e-06,2.6e-07
1,100,6.45e-06,2.292e-05,1.405e-05,1.99e-06
1,500,4.229e-05,0.00047879,8.186e-05,1.226e-05
1,1000,9.592e-05,0.00201614,0.0001611,2.458e-05
1,5000,0.00062624,0.0426675,0.0014155,0.00021304
1,10000,0.00143282,0.176108,0.00240376,0.00048956
1,25000,0.0027778,0.990307,0.00665133,0.0009374
