Type of array,Number,Time of bubble_sort,Time of insertion_sort,Time of selection_sort
0,10,1.54e-06,1.43e-06,8.9e-07
0,100,3.548e-05,2.271e-05,2.391e-05
0,500,0.00121483,0.00039183,0.00044031
0,1000,0.0032533,0.00181246,0.00166072
0,5000,0.0868012,0.042643,0.0347718
0,10000,0.345716,0.124059,0.12621
0,25000,2.03405,0.697729,0.695079
0,50000,11.0289,2.93891,2.89001
0,75000,25.1917,6.49161,6.32969
0,100000,44.9352,11.7788,15.0382
1,10,6.3e-07,4.8e-07,7.1e-07
1,100,1.836e-05,1.812e-05,2.338e-05
1,500,0.00037587,0.000717,0.00065157
1,1000,0.00174166,0.00187756,0.0019152
1,5000,0.0399621,0.0364784,0.0367946
1,10000,0.146166,0.140273,0.142388
1,25000,0.934344,0.789234,0.783229
1,50000,3.42496,2.90402,2.90918
1,75000,7.24071,6.71621,6.82067
1,100000,14.1162,12.6507,11.9982
2,10,9.7e-07,8.1e-07,8.1e-07
2,100,4.773e-05,1.77e-05,2.237e-05
2,500,0.00121832,0.00051172,0.00037013
2,1000,0.00400482,0.00146432,0.00201876
2,5000,0.108458,0.0361983,0.0375067
2,10000,0.481759,0.132762,0.13505
2,25000,3.57454,0.777183,0.76566
2,50000,13.6364,3.12307,3.2049
2,75000,31.2493,7.01649,6.77966
2,100000,64.0575,20.7236,20.7788
