Number,Time of bubble_sort,Time of insertion_sort,Time of selection_sort,Time of merge_sort,Time of quick_sort,Time of heap_sort,Time of shell_sort
0,8.31e-08,9.77e-08,9.14e-08,1.157e-07,1.418e-07,1.049e-07,1.056e-07
50,1.37287e-05,7.6842e-06,7.8632e-06,6.2531e-06,5.4157e-06,6.4766e-06,5.0449e-06
100,4.61064e-05,2.31718e-05,2.41196e-05,1.22505e-05,1.2235e-05,1.46284e-05,1.15156e-05
150,9.63056e-05,4.78153e-05,4.65406e-05,1.93767e-05,1.95751e-05,2.37311e-05,1.89932e-05
200,0.000178035,9.74694e-05,8.89594e-05,2.96262e-05,2.89984e-05,3.5112e-05,2.68544e-05
250,0.000278268,0.000117288,0.000125239,4.1279e-05,3.89701e-05,4.58975e-05,3.85158e-05
300,0.000382975,0.000168553,0.000165896,4.12332e-05,4.55787e-05,5.72472e-05,4.38235e-05
350,0.000526854,0.000251221,0.000241198,6.37898e-05,5.95288e-05,7.41894e-05,5.96634e-05
400,0.000695128,0.000292434,0.000306228,5.83012e-05,6.27721e-05,7.66535e-05,7.45639e-05
450,0.000843589,0.000391658,0.000353206,8.71084e-05,9.99845e-05,9.76329e-05,8.86852e-05
500,0.00102957,0.000456485,0.000455407,7.63245e-05,8.38173e-05,0.000103717,9.28817e-05
550,0.00119969,0.000625878,0.000541937,8.3913e-05,0.000101617,0.0001182,0.000101647
600,0.00163938,0.000674217,0.000635729,9.85006e-05,0.000104571,0.00016419,0.00010642
650,0.00177428,0.000802606,0.000785258,0.000103534,0.00010906,0.000132542,0.000127401
700,0.00211135,0.000932841,0.000893605,0.000109051,0.000117333,0.000146056,0.000127251
750,0.00244546,0.00102877,0.000986304,0.000116997,0.000137845,0.000179476,0.000152149
800,0.00286646,0.00124786,0.00119629,0.000130366,0.000142005,0.000175605,0.000169573
850,0.00310472,0.00137149,0.00134576,0.000137364,0.000166595,0.000198862,0.000169844
900,0.00353526,0.00152558,0.0015357,0.000148608,0.000167279,0.0002143,0.000198357
950,0.00378764,0.00176856,0.00169363,0.000165197,0.000179074,0.000246108,0.000198446
