Type of array | Number | Time of bubble_sort | Time of insertion_sort | Time of selection_sort
0 | 10 | 9.3e-07 | 8.2e-07 | 9.3e-07
0 | 100 | 4.253e-05 | 1.936e-05 | 2.628e-05
0 | 500 | 0.00105913 | 0.0004393 | 0.00061913
0 | 1000 | 0.00385726 | 0.00179598 | 0.001699
0 | 5000 | 0.0885251 | 0.0467933 | 0.0428698
0 | 10000 | 0.344226 | 0.147593 | 0.135031
0 | 25000 | 2.33155 | 0.77935 | 0.786951
0 | 50000 | 9.88231 | 3.13999 | 2.89761
0 | 75000 | 21.0619 | 6.68399 | 6.76494
0 | 100000 | 37.0431 | 11.6431 | 11.2869
1 | 10 | 5.3e-07 | 4.3e-07 | 6.2e-07
1 | 100 | 1.724e-05 | 1.573e-05 | 1.95e-05
1 | 500 | 0.00043911 | 0.00041997 | 0.00035599
1 | 1000 | 0.00188672 | 0.00181712 | 0.00171442
1 | 5000 | 0.0378364 | 0.031989 | 0.0344617
1 | 10000 | 0.138573 | 0.126811 | 0.129101
1 | 25000 | 0.774394 | 0.721305 | 0.699611
1 | 50000 | 3.14844 | 2.97171 | 3.25226
1 | 75000 | 9.28469 | 6.75224 | 6.33836
1 | 100000 | 12.477 | 11.3085 | 11.2322
2 | 10 | 1.1e-06 | 6.5e-07 | 8e-07
2 | 100 | 4.382e-05 | 2.011e-05 | 1.888e-05
2 | 500 | 0.00093492 | 0.00039909 | 0.00044233
2 | 1000 | 0.00356978 | 0.00142196 | 0.00147742
2 | 5000 | 0.124194 | 0.0356123 | 0.0350261
2 | 10000 | 0.446777 | 0.135385 | 0.128083
2 | 25000 | 2.72133 | 0.739558 | 0.73102
2 | 50000 | 11.1407 | 3.03178 | 3.03436
2 | 75000 | 24.9975 | 6.71506 | 7.06338
2 | 100000 | 45.9549 | 12.7795 | 12.4798
